Nguyễn Văn An, nguyenvanan@gmail.com
Lê Thị Bích, lethibich@gmail.com
Trần Văn Cường, tranvancuong@gmail.com
Phạm Minh Đức, phamminhduc@gmail.com
Võ Văn Em, vovanem@gmail.com
Bùi Thị Hoa, buithihoa@gmail.com
Đỗ Minh Huy, dominhhuy@gmail.com
Phan Văn Hải, phanvanhai@gmail.com
Hoàng Thị Lan, hoangthilan@gmail.com
Cao Minh Long, caominhlong@gmail.com
Vũ Văn Khang, vuvankhang@gmail.com
Tạ Thị Mai, tathimai@gmail.com
Đặng Minh Quân, dangminhquan@gmail.com
Dương Văn Sơn, duongvanson@gmail.com
Ngô Thị Tâm, ngothitam@gmail.com
Lương Minh Tuấn, luongminhtuan@gmail.com
Từ Thị Trang, tuthitrang@gmail.com
La Văn Tiến, lavantien@gmail.com
Phạm Thị Thanh, phamthithanh@gmail.com
Đinh Minh Trí, dinhminhtri@gmail.com
Trương Văn Tuấn, truongvantuan@gmail.com
Mai Thị Vân, maithivan@gmail.com
Hồ Minh Quang, hominhquang@gmail.com
Lê Văn Hùng, levanhung@gmail.com
Trần Thị Hiền, tranthihien@gmail.com
Trịnh Minh Hòa, trinhminhhoa@gmail.com
Nguyễn Thị Thu, nguyenthithu@gmail.com
Lê Văn Lộc, levanloc@gmail.com
Trần Minh Mẫn, tranminhman@gmail.com
Phạm Thị Mỹ, phamthimy@gmail.com
Võ Văn Nam, vovannam@gmail.com
Bùi Thị Ngọc, buithingoc@gmail.com
Đỗ Minh Nhật, dominhnhat@gmail.com
Phan Thị Phượng, phanthiphuong@gmail.com
Hoàng Minh Tài, hoangminhtai@gmail.com
Cao Văn Thành, caovanthanh@gmail.com
Vũ Thị Thu, vuthithu@gmail.com
Tạ Minh Thắng, taminhthang@gmail.com
Đặng Văn Tùng, dangvantung@gmail.com
Dương Thị Vân, duongthivan@gmail.com
Ngô Minh Tuấn, ngominhtuan@gmail.com
Lương Văn Vũ, luongvanvu@gmail.com
Từ Thị Xuân, tuthixuan@gmail.com
La Minh Yến, laminhyen@gmail.com
Phạm Văn An, phamvanan@gmail.com
Đinh Thị Bích, dinhthibich@gmail.com
Trương Minh Cường, truongminhcuong@gmail.com
Mai Văn Đức, maivanduc@gmail.com
Hồ Thị Em, hothiem@gmail.com
Lê Minh Hoa, leminhhoa@gmail.com
Trần Văn Huy, tranvanhuy@gmail.com
Trịnh Thị Hải, trinhthihai@gmail.com
Nguyễn Minh Lan, nguyenminhlan@gmail.com
Lê Văn Long, levanlong@gmail.com
Trần Thị Khang, tranthikhang@gmail.com
Phạm Minh Mai, phamminhmai@gmail.com
Võ Văn Quân, vovanquan@gmail.com
Bùi Thị Sơn, buithison@gmail.com
Đỗ Minh Tâm, dominhtam@gmail.com
Phan Văn Tuấn, phanvantuan@gmail.com
Hoàng Thị Trang, hoangthitrang@gmail.com
Cao Minh Tuấn, caominhtuan@gmail.com
Vũ Văn Vũ, vuvanvu@gmail.com
Tạ Thị Xuân, tathixuan@gmail.com
Đặng Minh Yến, dangminhyen@gmail.com
Dương Văn An, duongvanan@gmail.com
Ngô Thị Bích, ngothibich@gmail.com
Lương Minh Cường, luongminhcuong@gmail.com
Từ Văn Đức, tuvan.duc@gmail.com
La Thị Em, lathiem@gmail.com
Phạm Minh Hoa, phamminhhoa@gmail.com
Đinh Văn Huy, dinhvanhuy@gmail.com
Trương Thị Lan, truongthilan@gmail.com
Mai Minh Long, maiminhlong@gmail.com
Hồ Văn Khang, hovankhang@gmail.com
Lê Thị Mai, lethimai@gmail.com
Trần Minh Quân, tranminhquan@gmail.com
Trịnh Văn Sơn, trinhvanson@gmail.com
Nguyễn Thị Tâm, nguyenthitam@gmail.com
Lê Minh Tuấn, leminhtuan@gmail.com
Trần Văn Trang, tranvantrang@gmail.com
Phạm Thị Tiến, phamthitien@gmail.com
Võ Minh Thanh, vominhthanh@gmail.com
Bùi Văn Trí, buivantri@gmail.com
Đỗ Thị Vân, dothivan@gmail.com
Phan Minh Tuấn, phanminhtuan@gmail.com
Hoàng Văn Vũ, hoangvanvu@gmail.com
Cao Thị Xuân, caothixuan@gmail.com
Vũ Minh Yến, vuminhyen@gmail.com
Tạ Văn An, tavan.an@gmail.com
Đặng Thị Bích, dangthibich@gmail.com
Dương Minh Cường, duongminhcuong@gmail.com
Ngô Văn Đức, ngovanduc@gmail.com
Lương Thị Em, luongthiem@gmail.com
Từ Minh Hoa, turminhhoa@gmail.com
La Văn Huy, lavanhuy@gmail.com
Phạm Thị Lan, phamthilan@gmail.com
Đinh Minh Long, dinhminhlong@gmail.com
Trương Văn Khang, truongvankhang@gmail.com
Mai Thị Mai, maithimai@gmail.com
Hồ Minh Quân, hominhquan@gmail.com
Lê Văn Sơn, levanson@gmail.com
Trần Thị Tâm, tranthitam@gmail.com
Trịnh Minh Tuấn, trinhminhtuan@gmail.com
Nguyễn Văn Trang, nguyenvantrang@gmail.com
Lê Thị Tiến, lethitien@gmail.com
Trần Minh Thanh, tranminhthanh@gmail.com
Phạm Văn Trí, phamvantri@gmail.com
Võ Thị Vân, vothivan@gmail.com
Bùi Minh Tuấn, buiminhtuan@gmail.com
Đỗ Văn Vũ, do.vu@gmail.com
Phan Thị Xuân, phanthixuan@gmail.com
Hoàng Minh Yến, hoangminhyen@gmail.com
Cao Văn An, caovan.an@gmail.com
Vũ Thị Bích, vuthibich@gmail.com
Tạ Minh Cường, taminhcuong@gmail.com
Đặng Văn Đức, dangvanduc@gmail.com
Dương Thị Em, duongthiem@gmail.com
Ngô Minh Hoa, ngominhhoa@gmail.com
Lương Văn Huy, luongvanhuy@gmail.com
Từ Thị Lan, tuthilan@gmail.com
La Minh Long, laminhlong@gmail.com
Phạm Văn Khang, phamvankhang@gmail.com
Đinh Thị Mai, dinhthimai@gmail.com
Trương Minh Quân, truongminhquan@gmail.com
Mai Văn Sơn, maivanson@gmail.com
Hồ Thị Tâm, hothitam@gmail.com
Lê Minh Tuấn, leminhtuan1@gmail.com
Trần Văn Trang, tranvantrang1@gmail.com
Trịnh Thị Tiến, trinhthitien@gmail.com
Nguyễn Minh Thanh, nguyenminhthanh@gmail.com
Lê Văn Trí, levantri@gmail.com
Trần Thị Vân, tranthivan@gmail.com
Phạm Minh Tuấn, phamminhtuan@gmail.com
Võ Văn Vũ, vovanvu@gmail.com
Bùi Thị Xuân, buithixuan@gmail.com
Đỗ Minh Yến, dominhyen@gmail.com
Phan Văn An, phanvanan@gmail.com